model,reward_profile,train_density,eval_density,collision_reward,high_speed_reward,lane_change_reward,mean_reward,std_reward,mean_episode_length,std_episode_length,mean_distance,std_distance,success_rate,collision_rate,action_count_0,action_count_1,action_count_2,action_count_3,action_count_4,action_pct_0,action_pct_1,action_pct_2,action_pct_3,action_pct_4,notes
Random,none,,2.0,,,,2.9975012962814356,2.2323035116002994,4.66,2.761231609264243,7.1260512526405355,4.470450970370684,0.0,100.0,46,40,54,48,45,19.742489270386265,17.167381974248926,23.175965665236053,20.600858369098713,19.313304721030043,random policy
DQN_core_1.0,core,1.0,2.0,-1.5,0.7,-0.02,5.817348944281277,5.119416102277751,8.94,7.368609095344929,12.49929008113425,9.842152091826197,6.0,94.0,33,64,74,41,235,7.382550335570469,14.317673378076062,16.55480984340045,9.172259507829978,52.572706935123044,"custom DQN trained on core config, evaluated on dense traffic"
Stable_baseline,core,1.0,2.0,-1.5,0.7,-0.02,3.505413417006977,2.564979453705486,5.12,3.21645767887594,8.276266964607217,5.2355248678449495,0.0,100.0,31,0,105,92,28,12.109375,0.0,41.015625,35.9375,10.9375,"stable-baselines DQN trained on core config, evaluated on dense traffic"
DQN_dense_baseline,baseline,2.0,2.0,-1.5,0.7,-0.02,7.123881726499771,5.6393173193293125,11.1,8.052949770115296,15.015821473434041,10.9104167103075,8.0,92.0,72,58,118,19,288,12.972972972972974,10.45045045045045,21.26126126126126,3.4234234234234235,51.891891891891895,custom DQN trained on dense baseline reward
DQN_dense_balanced,balanced,2.0,2.0,-3.0,0.45,-0.05,6.7296450627491105,5.461677474229881,10.54,7.813347554025739,14.181106126832809,10.529561064842007,8.0,92.0,40,92,133,16,246,7.590132827324478,17.4573055028463,25.23719165085389,3.0360531309297913,46.67931688804554,custom DQN trained on dense balanced reward
DQN_dense_safety,safety,2.0,2.0,-5.0,0.25,-0.08,7.845927874960356,5.87125996373046,12.36,8.370806412765738,16.262818981439008,11.280649995629885,10.0,90.0,54,80,72,9,403,8.737864077669903,12.944983818770227,11.650485436893204,1.4563106796116505,65.21035598705501,custom DQN trained on dense safety-first reward
